amt,lat,long,merch_lat,merch_long,city_pop,distance,time_since_last_transaction
311.92,64.7556,-165.6723,64.79500999999999,-165.670735,145,0.039441061408120995,2364.0
58.79,44.0577,-76.0196,44.015435,-76.027125,1271,0.042929661657181206,75.0
70.56,37.0462,-76.4096,37.005252,-76.395765,136895,0.043222053734176306,0.0
17.28,40.9493,-78.3129,40.966241,-78.242112,1762,0.07278693856042366,0.0
83.52,41.0233,-98.9041,40.992141,-98.831582,2202,0.0789287248408365,0.0
50.82,34847,-98.9836,34.852665,-98.90267,551,0.0811280292192483,0.0
55.81,39.5723,-90.2379,39.575819,-90.149623,1512,0.08834711138457449,0.0
71.65,38.8432,-78.6003,38.948089,-78.540296,6018,0.1208394899732731,0.0
5.88,40.8618,-85.6067,40.788738,-85.503422,2304,0.12650850219649534,0.0
74.47,39.3543,-82.50299999999999,39.469328,-82.447064,321,0.12790729799349845,2170.0
68.23,33431,-93.8765,33.347773,-93.975115,36438,0.12904127926366044,0.0
50.45,41.8114,-93.4855,41.776673,-93.350689,1195,0.1392119615909478,0.0
47.1,38.9757,-77.0282,38.863724,-77.122748,601723,0.14655357000087668,5108.0
95.95,35.0659,-89.1534,34.968566,-89.04350600000001,1804,0.14680122203850574,0.0
83.81,36.9688,-78.5615,36.822396000000005,-78.452392,1970,0.18258884653778099,0.0
209.53,46.0062,-86.2555,45.913704,-86.09637099999999,6469,0.18405854681867326,0.0
62.28,34.6902,-79.1834,34.847589,-79.06485,14783,0.19704161951476243,0.0
103.0,35.2087,-92.2123,35.034285,-92.34301,969,0.2179580150510716,0.0
5.83,31571,-86.2743,31.798954,-86.213243,2566,0.23598937129666983,0.0
64.09,42.2203,-83.3583,42.360426,-83.552316,31515,0.23932719054048268,0.0
68.24,42.4657,-93.8262,42.699989,-93.883915,9165,0.24129309303418128,0.0
57.64,36.3924,-91.9932,36.502461,-92.210445,1679,0.24353400942373776,0.0
44.68,40507,-123.9743,40.459474,-124.214281,1139,0.24464178105344125,0.0
47.33,42728,-71181,42.810062,-71.414507,47249,0.2475069512013784,10611.0
1099.99,40.3359,-79.6607,40.578351,-79.72757800000001,1472,0.2515057738601605,4932.0
25.89,41.0646,-87.5917,40.888445,-87.409615,2135,0.2533486357768692,0.0
103.51,43.0397,-77.6871,43.115164,-77.44351,10256,0.255011575023563,0.0
56.83,40.7491,-95038,40.808208,-95.287438,7297,0.25634560949624074,6186.0
66.73,41.0036,-78.1104,40.965574,-78.375316,489,0.2676312084417658,0.0
107.23,48.8878,-118.2105,49.159047,-118.186462,149,0.27231004471557946,0.0
1.1,40732,-73.1,40.47841,-72.974367,4056,0.2830044854573858,6633.0
10.09,36385,-98.0727,36.120627,-97.940436,1078,0.29561266688861193,2135.0
4.27,40.3359,-79.6607,40.351813,-79.958146,1472,0.2978713589538211,0.0
96.29,41.6125,-122.5258,41.65752,-122.230347,589,0.2988633058925191,0.0
78.56,44.6873,-104.4414,44.678642,-104.128312,110,0.313207689413917,0.0
130.89,33.5567,-90.5451,33.595647,-90.234118,1686,0.3134113481241644,0.0
73.77,39.3543,-82.50299999999999,39.368373,-82.185404,321,0.3179076415328632,0.0
5.05,44.2415,-121.0113,44.245679,-121.333658,2016,0.3223850868216398,0.0
53.87,37.0581,-86.1938,36.784818,-86.36912199999999,6841,0.3246857791896635,0.0
122.05,41.4193,-99.3844,41.609064,-99.650276,73,0.32665030701348163,0.0
91.16,27.5155,-99.4986,27.588953000000004,-99.816911,248858,0.3266760412549503,0.0
99.08,34.3795,-118523,34.370236,-118.195791,34882,0.3273401157466002,0.0
69.75,38.9087,-77.0414,38.919299,-77.37165,601723,0.3304200376808349,0.0
1.34,39.6094,-100.4112,39.610886,-100.744194,169,0.3329973156528436,0.0
795.22,40.3359,-79.6607,40.352547,-79.327751,1472,0.3333649039866067,44580.0
2.3,39.9458,-75.9703,39.692008,-75.75402199999999,3066,0.3334464762866744,4846.0
2.76,37.3304,-121.7913,37.548452000000005,-121.536454,973849,0.3353999976446086,0.0
82.22,40.5891,-75.4645,40.586238,-75.802249,166081,0.3377611257160918,0.0
51.64,33.3645,-81.2718,33.630045,-81.492964,4913,0.3455830752814761,6241.0
105.66,36.4899,-79.4736,36.174356,-79.619973,3402,0.34784058283213065,0.0
56.34,32.3836,-94.8653,32.044628,-94.761666,24536,0.35446018498556187,0.0
464.74,41.4575,-74.1659,41.430203000000006,-74.52109399999999,2258,0.3562413561688171,0.0
47.51,33141,-82515,33.44865,-82.696711,741,0.3573057654460656,0.0
82.8,36.3846,-89.4649,36.294205,-89.81128199999999,5577,0.3579828849945122,0.0
4.47,33.0437,-81.7106,32.826449,-82.00013100000001,1100,0.36197540933329747,0.0
39.98,38.7897,-93.8702,38.995701,-93.569356,2368,0.3646142130210999,0.0
5.61,33.0771,-99959,32.715671,-100.074321,932,0.37938088391746827,0.0
9.52,40.1362,-95.2138,39.790646,-95.043146,1631,0.38539636042910996,4024.0
6.36,40.2367,-74.0067,39.926556,-73.774415,1533,0.38748628615861513,0.0
57.36,38.7897,-93.8702,38.508607,-93.603368,2368,0.3875726910825888,1769.0
1.53,39.9636,-79.7853,39.918242,-80.170451,184,0.3878126364173748,167.0
8.95,42.2619,-94.5566,42.658626,-94.486224,695,0.4029197196117364,0.0
92.31,34.7032,-98.9591,34.622189,-99.357205,540,0.40626392055656396,0.0
50.16,38.7897,-93.8702,38.964313,-93.497747,2368,0.4113525701609176,7985.0
113.4,43.0048,-108.8964,42.868965,-108.50335,1645,0.4158598919407856,0.0
81.72,31882,-88.9981,31.86215,-89.414288,4573,0.41666110190897887,68.0
134.66,44.0577,-76.0196,43.994486,-75.60383900000001,1271,0.42053920021442753,0.0
195.41,34.2853,-91.3336,34.671217,-91.163322,5161,0.4218133807420088,1197.0
75.1,40.7152,-89.2706,41.114699,-89.132387,6713,0.4227319296788463,4624.0
10.26,40732,-73.1,40.711398,-73.523504,4056,0.42400481178874244,0.0
54.04,38.1372,-81.5962,38.315208,-81.20918,630,0.42599451694123214,0.0
2.67,37.2692,-82.9161,37.622362,-82.676007,798,0.4270457199094777,3446.0
66.01,32.3836,-94.8653,32.701522,-95.152907,24536,0.42870990720182106,9586.0
1.86,29.9912,-90.2479,29.748642,-90.602809,68211,0.42987763566507375,0.0
51.84,43.7857,-124.1437,44.047555,-123.800294,260,0.43185150440979514,0.0
99.0,37.1046,-83.5706,36.823545,-83.90104000000001,467,0.4338000767922982,0.0
51.04,42.3066,-71.9202,41.948237,-71.668538,4845,0.43790158941593377,0.0
71.22,27.7898,-82.7243,27.630593,-82.308891,341043,0.4448724605209867,0.0
57.34,42728,-71181,42.26876,-71.217297,47249,0.46067217173278596,0.0
5.34,31.8599,-102.7413,31.40441,-102.658364,23,0.4629789630166788,0.0
8.31,41.2639,-80.8164,40.862123,-80.581478,75903,0.46541712883498493,0.0
844.8,35.9946,-81.7266,35.987802,-81.25433199999999,885,0.4723169239271583,36005.0
59.7,37.2876,-77295,36.962777,-77.640054,31970,0.4738905403624343,0.0
103.31,39.9458,-75.9703,40.363656,-75.732708,3066,0.4806803461761222,0.0
84.88,34.3396,-89.5736,34.097789,-89.991146,4198,0.4825113696453178,0.0
46.22,42.1939,-76.7361,42.674876,-76.692667,520,0.4829330575400671,0.0
9.55,31.9571,-98.9656,31.62635,-98.610225,1791,0.4854760067449243,0.0
145.21,37.2692,-82.9161,37.693205,-82.671226,798,0.48963610559373466,2580.0
71.54,40.4603,-79.0097,40.921893,-79.189728,922,0.4954575445313182,0.0
43.76,39.8016,-75.3478,39.319878,-75.464026,504,0.49554471882969076,0.0
2.9,37.1788,-82695,37.289605,-83.179743,502,0.4972459392232463,0.0
128.24,48.8328,-108.3961,49.17672,-108.757243,192,0.4987035520717712,0.0
83.07,48.34,-122.3456,48.682111,-122.719904,85,0.507093108548118,0.0
185.98,34.2853,-91.3336,34.077371,-91.79756,5161,0.5084224135903138,0.0
55.25,40.5891,-75.4645,40.222565,-75.817419,166081,0.5088219008513678,9053.0
61.0,42.6315,-75.1866,43.123814,-75.05216899999999,165,0.5103378962579617,0.0
295.26,64.7556,-165.6723,64.445035,-166.080207,145,0.5126780079874633,1764.0
58.26,38.9583,-76.2842,39.240962,-76.71273199999999,5848,0.5133590179085126,0.0
212.45,30.8985,-87.1332,31.414174,-87.138632,5719,0.5157026089714891,0.0
27.03,38577,-90.5255,38.984909,-90.842219,92608,0.5164307090423719,0.0
1.13,38.138000000000005,-89.2231,38.421437,-88.791348,2135,0.516474900138427,0.0
56.66,44.5232,-86.2061,44.00529,-86.25199,680,0.5199390927791452,0.0
117.29,31.6453,-90.1801,32.035674,-89.835532,1196,0.5206908550185971,0.0
42.79,43.2064,-90.9405,43.718963,-90.833148,153,0.5236843332323408,0.0
66.21,46368,-87.9938,46.412038,-88.516663,1038,0.524714267209308,0.0
2.1,41.6125,-122.5258,41.096733,-122.623454,589,0.5249303782455298,5652.0
132.23,42.5232,-72811,42.079574,-73.094399,1506,0.5264209542533382,0.0
72.9,35.0296,-82.5136,35.276815,-82.047186,5648,0.5278799822128121,4090.0
75.42,31.4467,-103.5791,31.153295,-104.021759,12747,0.5310682482562908,0.0
117.77,31.1989,-81.3322,31.167024,-80.801294,298,0.531862068784757,0.0
4.58,40.0113,-80.9701,39.483001,-80.898262,128,0.533160887204788,14181.0
3.74,26.7197,-80.1248,26.192035,-80.03285699999999,459921,0.5356154100415699,0.0
47.85,40.8295,-72.6473,40.712685,-72.124522,3255,0.5356702171196408,0.0
8.57,31.6489,-82.1982,32.023302,-82.58345,1324,0.5372098473632062,0.0
68.34,34048,-85.9246,33.859978000000005,-86.433097,67082,0.5421452494424389,0.0
84.23,37.9931,-100.9893,37.814677,-101.502441,2691,0.5432756692600939,4248.0
8.7,64.7556,-165.6723,65.02349699999999,-166.148374,145,0.5462739752953445,0.0
57.43,41.4575,-74.1659,41.573231,-74.70091500000001,2258,0.5473889975017912,2649.0
2.73,38097,-86.1723,37.997357,-86.71446,350,0.5512405945220247,13267.0
215.99,42825,-124.4409,42.988724,-123.904978,217,0.5603730349151337,0.0
79.96,38.7894,-77.2818,38.293496000000005,-77.544774,43102,0.5613164008756522,3919.0
69.3,38577,-90.5255,38.166105,-90.912756,92608,0.5646254604257614,6582.0
207.36,40.6729,-73.5365,40.202538,-73.859212,34496,0.5704239177909695,0.0
55.52,42.9207,-91.0685,42.490555,-90.693676,878,0.5705416303837955,0.0
6.92,44.1111,-94.9134,43.989863,-95.473244,914,0.5728208397963522,7552.0
102.1,30592,-97.2893,31.070756,-96.972356,1766,0.5741609588538703,0.0
70.53,45.8289,-118.4971,46.043252,-117.962133,1302,0.5763128239012314,0.0
67.45,44.4971,-67.9503,44.384263,-68.52300799999999,1131,0.5837179471568368,0.0
65.94,38.0828,-76.3477,37.880204,-76.895937,313,0.5844732221282685,0.0
56.65,39.8127,-120.6405,39.25212,-120.809112,1725,0.5853887109810032,4571.0
45.24,44.0948,-70.23899999999999,44.679745,-70.15094,23045,0.5915363189399231,7775.0
9.03,38.9757,-77.0282,38.880898,-76.44111600000001,601723,0.5946890298803138,0.0
143.18,44.0948,-70.23899999999999,44.676757,-70.115624,23045,0.5948912398287619,0.0
81.85,34.0326,-82.2027,33.828472999999995,-81.642924,1523,0.5958330322372217,0.0
54.02,42.3496,-73.5873,42.041783,-73.076424,4015,0.5964441238414508,0.0
59.19,41.4802,-86.6919,41.537215,-86.095249,1423,0.5993689398242205,0.0
23.89,38.8582,-76.6145,39.366148,-76.29457,3289,0.6003052353628234,0.0
158.49,32.8224,-85.7704,32.823643,-85.16965,8269,0.600751285932031,0.0
123.9,39.8127,-120.6405,39.229442,-120.493701,1725,0.6014481199280627,7310.0
103.95,39.2667,-77.5101,38.686194,-77.667796,100,0.6015440503005579,0.0
88.53,41.5177,-78.2536,41.0094,-77.92501700000001,4533,0.605256704125609,0.0
119.47,41.141000000000005,-84.5722,41.746779,-84.601964,6284,0.6065097629362526,0.0
129.06,39.3716,-77.8229,39.21163,-78.409044,1925,0.6075814263421726,15916.0
39.92,45.2857,-108.9082,45.384511,-109.50803700000002,1446,0.6079210806428968,0.0
146.38,44.6001,-84.2931,44.733358,-84.893102,864,0.6146219118840505,0.0
2.83,41.0592,-73.7395,40.461367,-73.884005,11250,0.6150495841100876,8968.0
62.13,32.0758,-96701,31.55445,-96.369832,1563,0.6176391071847669,4214.0
1.27,43.3392,-75.7543,43.937917,-75.91701,6460,0.6204325831135903,6750.0
2.07,36.2395,-95.9596,35.891929,-96.473787,413574,0.6206398883491202,0.0
46.28,40.6152,-74415,40.021888,-74.228188,71485,0.6220272121764502,0.0
177.57,38.9999,-109615,38.419431,-109.380252,46,0.6261396676980231,594.0
75.77,42.2848,-71.7205,42.889256,-71.88810699999999,35299,0.6272632321322555,0.0
3.35,41.4768,-95.3509,41.907592,-95.809232,2036,0.6290071299182561,0.0
57.69,38.4921,-85.4524,38.274726,-84.86197800000001,564,0.6291657921088745,0.0
34.76,39.3391,-95.0999,38.78936,-95.405907,1442,0.629169573047677,0.0
68.47,48.2777,-112.8456,47.930197,-112.320743,743,0.6294705755299562,19099.0
701.88,42.0716,-75.0152,41.456892,-75.169086,1228,0.6336772256125287,9277.0
50.74,33.6372,-96.6184,34.266941,-96.709668,46563,0.636320339848573,0.0
55.18,26.7383,-80.27600000000001,27.346033,-80.475563,26551,0.6396599020245001,117.0
49.61,64.7556,-165.6723,65.347667,-165.91454199999998,145,0.6397065882519802,27026.0
98.24,31.4285,-90.8578,30.906565000000004,-90.486622,2799,0.6404601876065332,0.0
113.19,44.0577,-76.0196,44.465636,-75.525258,1271,0.6409257313137057,208.0
181.35,32153,-90.1217,31.939812,-90.726209,19685,0.6409994184279664,0.0
120.08,42.0158,-73.2913,41.742354,-72.711546,647,0.6410050042176033,0.0
59.03,42958,-77.3083,43.039468,-76.67188399999999,10717,0.6416091957570546,9096.0
3.67,33357,-89.0473,33.663412,-89.613292,1923,0.6436111075859354,0.0
83.69,26.6939,-81.9452,26.686504,-81.299918,156391,0.6453243838101835,0.0
4.12,39.9636,-79.7853,40.2586,-79.20863299999999,184,0.6477421005994731,5316.0
64.72,36.8809,-82.0956,36.265214,-81.891953,9521,0.6484915968653698,0.0
23.8,40.7268,-124.2174,40.110823,-124.429537,276,0.6514827482734993,0.0
5.38,31.8092,-106.4247,32.370748,-106.759414,749635,0.6537351283968161,0.0
7.81,34.7032,-98.9591,35.07159,-99.499248,540,0.6538127055999948,1737.0
175.26,41606,-109.23,42.25722,-109.312091,27971,0.6563736898147214,0.0
327.68,40.3359,-79.6607,40.236755,-80.30996800000001,1472,0.6567942347866708,2613.0
176.57,39047,-122.9328,38.76254,-122.339375,11256,0.6580810909188876,0.0
59.84,31929,-97.6443,32.3623,-97.137624,2526,0.6666854273013607,0.0
198.39,36522,-87.34899999999999,37.179198,-87.485381,151785,0.6711996635614512,0.0
43.83,41229,-85.3244,40.913327,-85.920254,7692,0.6743081137321434,0.0
62.54,44.0575,-69.9656,43.585423,-70.449359,3224,0.6759285938692081,0.0
92.99,40.1008,-80.0652,40.706082,-80.366274,632,0.6760265179710061,0.0
75.73,42.2701,-78.6847,41.856329,-78.14814100000001,1453,0.6775706612022057,0.0
50.68,38.5677,-109.5271,38.482541,-108.853856,9772,0.6786085313470614,0.0
51.33,42.73,-104.7024,42.508248,-105.34481,241,0.6796061783150559,0.0
104.14,44.8816,-73.6408,44.594456,-73.024653,2148,0.6797711396823171,0.0
45.4,33615,-117.7114,33.916129,-117.095988,45303,0.6851354642587025,0.0
4.73,35.8596,-86421,35.740311,-85.744277,158701,0.6871563753979247,0.0
1.14,41.2403,-82.6078,40.579001,-82.413607,23805,0.6892222345876539,11454.0
321.15,38.6411,-100138,38.605741,-99.447528,269,0.691376772581347,18200.0
184.83,37.9931,-100.9893,37.392254,-101.332313,2691,0.6918625830936342,392.0
59.56,26.1184,-81.7361,25.801181,-82.351291,276002,0.6921617299750206,0.0
56.61,42.7045,-74.3648,43.237146,-73.916515,1304,0.6961833110187275,0.0
217.59,36385,-98.0727,36.417694,-97.376429,1078,0.6970381647205511,19752.0
35.0,38.5234,-120.6763,38.370985,-121.358847,832,0.6993573760488988,0.0
130.4,42.9385,-88395,42.236269,-88.397336,2328,0.7022348853887826,0.0
187.35,42.9373,-87.9943,42.776576,-87.308852,13973,0.7040391785120997,0.0
7.77,32.9396,-105.8189,32.863258,-106.520205,899,0.7054479456267531,0.0
111.81,39.7532,-105.6356,40.417719,-105.38411,565,0.710515813660043,0.0
89.95,44.9673,-93.2828,44.479202,-93.79996,1022298,0.7111217358539992,0.0
67.91,40.7268,-124.2174,41.137569,-123.63216,276,0.7150084118113579,865.0
32.6,40029,-93.1607,39.335685,-92.982647,602,0.7158132158838711,6836.0
85.88,26.1184,-81.7361,26.090246,-82.45350400000001,276002,0.71795622911987,846.0
193.1,34.1248,-117.9031,33.437683,-117.678285,59705,0.7229602727079805,0.0
4.02,42.8062,-100.6215,42.47559,-101.265846,4005,0.7242131867178327,0.0
60.71,42.5164,-82.9832,42.338025,-82.279667,134056,0.7257935813397558,0.0
16.71,35584,-80.8685,35.262871000000004,-80.21576999999999,69793,0.7274477902509612,0.0
25.58,30.4066,-91.1468,29.737426,-90.853194,378909,0.7307518905292004,0.0
1.42,41.4193,-99.3844,40.790587,-99.011834,73,0.7308115083419264,2897.0
203.26,33.6773,-118.0051,33.010001,-117.705689,190249,0.7313924407060788,0.0
208.08,38.9757,-77.0282,39.480354,-77.557963,601723,0.7316587291114607,8439.0
317.14,35.2563,-111.95,35.268124,-112.682895,759,0.7329903737437475,0.0
623.43,38.5294,-82.6654,39.18755,-82.342372,21635,0.7331497195552924,1462.0
209.89,33.5623,-112.0559,33.133990999999995,-111.460639,1312922,0.7333377513819926,8406.0
5.27,41.1901,-74.0436,41.788775,-74.471154,9993,0.7356726028207118,0.0
102.45,40.4308,-79.9205,41.113589000000005,-80.195802,687276,0.7362010660987983,562.0
94.48,48.8878,-118.2105,49.513555,-117.819653,149,0.737787704854176,5209.0
5.15,26.1184,-81.7361,26.115288,-80.998008,276002,0.7380985604971684,0.0
85.24,34.7437,-102.5064,34.404171000000005,-103.162568,53,0.7388074079656933,0.0
966.11,64.7556,-165.6723,65.468863,-165.473127,145,0.7405497897494789,50915.0
768.15,64.7556,-165.6723,64.623325,-166.403973,145,0.743533492556995,52909.0
63.58,41.0935,-81.0425,41.8136,-81.23076999999999,2644,0.7443047782326799,0.0
75.82,28.1384,-80.6524,28.802621,-80.313624,139650,0.7456263910411126,0.0
89.7,44.8232,-89.1665,44.20441,-88.748573,3223,0.7467021102347317,0.0
9.07,44797,-73.5112,44.070021,-73.68845400000001,4778,0.7482763172498524,0.0
8.68,41.5403,-122.9366,41.013729,-122.403496,308,0.7493176181413316,0.0
2.74,45.3637,-84.4695,44.750465000000005,-84.026088,937,0.7567505315287136,0.0
6.0,42.73,-104.7024,42.770247,-103.945514,241,0.7579553007961561,11637.0
296.32,34.0442,-94.3386,34.776591,-94.138256,11253,0.7592985547312799,5238.0
303.47,36.7558,-83.1838,36.394203000000005,-82.51428299999999,581,0.7609240459454643,0.0
9.03,42.6835,-77.8664,42.162056,-77.311734,4895,0.7612872103825202,0.0
67.36,43.3526,-102.5411,44.088943,-102.74046,1126,0.7628534742983062,0.0
967.92,34.0442,-94.3386,34.371875,-93.649208,11253,0.7633035014258754,64697.0
80.36,47.3551,-96798,46.60956,-96.630804,771,0.764057847296917,0.0
90.22,20.0827,-155488,19.560013,-156.045889,4878,0.7644879569293326,0.0
48.66,40.8731,-96.1528,41.066297,-95.412102,1517,0.7654793321919224,0.0
51.75,43.0498,-78851,42.750385,-78.143849,45100,0.7679270011049176,14312.0
68.96,41.36600000000001,-98.0054,41.182138,-98.751918,1749,0.7688266120316173,0.0
69.72,39.7417,-93.6289,39.053407,-93.972916,271,0.7694766156973191,0.0
855.88,40029,-93.1607,40.786018,-93.301092,602,0.7699260782620563,69183.0
22.08,40.4971,-82.8342,40.006116,-82.23955600000001,267,0.7711464030856854,0.0
138.38,37.7256,-81.1087,37.008141,-81.411206,3994,0.778625260775042,0.0
7.25,41.0592,-73.7395,41.352385,-73.014093,11250,0.7824146981454315,0.0
87.91,40.4855,-90.2856,40.55495,-89.50587,631,0.7828168211018467,0.0
71.06,41.5855,-93.6719,41.682353000000006,-92.894826,222785,0.7830865246478188,0.0
9.34,39.9636,-79.7853,39.646451,-80.502965,184,0.7846187229642151,5814.0
2.11,44.6255,-116.4493,44.710102,-117.229968,129,0.7852388328578818,0.0
9.5,33.9568,-81.1405,34.099428,-81.916669,52126,0.78916478820649,0.0
55.78,34.4959,-86259,35.255978000000006,-86.041872,5901,0.7904828489398185,0.0
19.91,39.0305,-76.5515,39.21153,-77.322292,92106,0.7917652228811266,0.0
49.53,43.0172,-111.0292,43.038723,-111.821595,471,0.7926872495215236,7484.0
3.17,31.6591,-96.8094,31.379123,-97.555052,263,0.7964822820584332,0.0
60.77,45.7549,-84447,45.323099,-85.11654300000001,95,0.7967056749201715,0.0
1.46,42.32,-78.0943,42.817788,-77.47053199999999,1766,0.7980472484558891,0.0
84.46,32.5486,-80307,32.193417,-79.590657,2408,0.799563791787757,0.0
69.54,36.6403,-81.7776,35.906566,-82.096532,3085,0.8000520004224734,0.0
138.23,37.5802,-80.5248,38.06715,-79.888697,2443,0.8010913363087928,0.0
75.34,39.2335,-77.1458,38.817293,-77.83346800000001,135332,0.8038131282039517,0.0
7.06,37.2876,-77295,37.426207,-76.502881,31970,0.804154469371401,1140.0
8.75,36.1043,-97.0609,36.645091,-96.464764,55345,0.8048807589804842,0.0
5.45,41.6983,-70.3001,40.894288,-70.390538,1850,0.8090823987629451,12610.0
157.07,36.0434,-90.2907,35.632995,-89.589641,1120,0.8123521314713212,0.0
123.51,44.2541,-68.5565,44.192713,-69.367216,824,0.8130367743374216,0.0
4.1,40.7152,-89.2706,40.020043,-89.693412,6713,0.8136419617946193,1771.0
48.68,41.0472,-79.8089,40.237898,-79.89407299999999,139,0.8137715693811083,0.0
315.34,29.44,-98459,28.953283000000003,-97.806528,1595797,0.8140105336376199,6104.0
56.76,37.2692,-82.9161,36.624336,-83.415352,798,0.8155379439363911,0.0
3.43,40.3359,-79.6607,39.748546000000005,-79.094688,1472,0.8156925312027798,13002.0
75.85,40.0897,-74.9781,39.485164000000005,-75.526021,1526206,0.8158928836170822,0.0
62.94,31.8287,-99427,31.915403,-98.614828,5908,0.8167868557910358,0.0
6.37,33.9143,-118.3493,34.108257,-117.549012,93193,0.8234562531142704,4267.0
49.54,26.4215,-99.0025,26.568321,-99.814054,18128,0.8247280163526648,0.0
7.77,27.5155,-99.4986,26.763749,-99.838161,248858,0.8248825605636236,12488.0
1.67,39596,-86.1309,39.332626,-85.348522,78968,0.8255187452505185,0.0
61.08,39.5803,-87.4616,40.134218,-88.07560500000001,205,0.8269385048170165,10310.0
221.81,40.8095,-72.8229,40.011959,-72.594808,3285,0.8295164899777494,0.0
56.31,32.7004,-97.6039,32.979984,-98.388752,13602,0.8331625741474477,0.0
45.04,30.5668,-90482,31.377997,-90.675927,8512,0.8340553064023996,0.0
8.34,43.0622,-77.2218,42.624988,-76.508987,9565,0.8362157053733155,0.0
61.71,35.8985,-97.2607,36.694647,-97.517515,1493,0.8365428798537522,0.0
92.56,32.5104,-86.8138,33.347838,-86.819795,1089,0.8374594580449909,0.0
16.65,48.4786,-122.3345,49.073601,-122.924793,14871,0.838136036601447,0.0
9.59,42.8511,-93.62,43.280848,-94.340312,3032,0.838768574070337,0.0
101.35,46.3481,-87.0436,46.796891,-86.331091,137,0.842070327681718,0.0
124.7,39.8936,-79.7856,39.088298,-79.53827199999999,328,0.8424265254537046,14090.0
62.62,20.0271,-155.3697,19.209212,-155.16214,1490,0.8438139215158756,0.0
53.6,39.7562,-98.4462,40.332519,-99.062962,242,0.8441202250894068,0.0
52.81,43033,-77.1575,42.217587,-76.937595,207,0.8445451850516927,0.0
3.66,43.7575,-122481,44.278191,-121.815161,597,0.8452577662476622,0.0
19.73,40.7152,-89.2706,41.111748,-88.524023,6713,0.8453564533573986,0.0
204.72,44.9913,-92.9487,44.156171,-92.805728,753116,0.847278843961658,0.0
51.6,38.8954,-77.1633,38.197108,-77.644807,207410,0.8482102972217425,0.0
102.13,38.9999,-109615,39.807313,-109.348294,46,0.8503221995249836,0.0
6.85,43.0172,-111.0292,43.753735,-111.454923,471,0.8507196241735504,0.0
106.19,38.6476,-78.7717,38.336898,-79.568795,4367,0.8555093055186469,0.0
41.01,39.8127,-120.6405,39.949197,-119.792299,1725,0.8591137104074202,0.0
305.6,26.3304,-81.5871,25.679503,-81.025904,276002,0.8594229779480017,5162.0
8.61,30.8635,-87.7644,31.702326,-87.567634,19090,0.8615949843354477,1801.0
44.71,40.6747,-74.2239,40.079588,-74.84808699999999,124967,0.8624196794560004,0.0
378.58,35.8072,-78.0892,35.668409999999994,-78.942021,6629,0.8640406947250735,10159.0
55.99,34.1556,-118.2322,33.778002,-119.013484,172817,0.86774704739342,0.0
4.38,39.5803,-87.4616,39.681736,-88.323862,205,0.868207935197555,0.0
41.96,38.4207,-79.4629,38.674999,-78.632459,99,0.8685045975019442,0.0
122.86,32.7699,-96743,32.282224,-97.46183,1263321,0.8686451806554945,0.0
123.35,41173,-89.2187,40.513402,-89.784304,532,0.868894358607542,0.0
123.14,30251,-92.5002,31.021036,-92.90296,1261,0.8690057876078762,1335.0
63.07,42.1767,-79.9416,41.430274,-79.492553,2518,0.8710883891345317,0.0
65.05,42.0789,-92.3763,41.388862,-91.844621,590,0.8711113594053224,0.0
47.65,40.8626,-91.9534,41.703284,-91.723311,888,0.8716022807318693,0.0
141.63,40.7152,-89.2706,41.086821,-88.48182299999999,6713,0.8719353894469557,2605.0
129.09,40.1151,-79.8627,40.92927,-79.548333,427,0.8727539169714505,0.0
4.97,36.0788,-81.1781,36.011293,-82.048315,3495,0.8728295029809676,0.0
72.67,41.2403,-82.6078,41.854275,-83.22900200000001,23805,0.8734169825627492,0.0
83.38,44.0385,-123.0614,43.659954,-123.848539,191096,0.8734328133502852,0.0
105.38,41.4972,-98.7858,41.271599,-99.630652,509,0.8744545231771655,0.0
72.43,35.0296,-82.5136,35.903679,-82.459999,5648,0.8757209403925378,6648.0
185.04,37.3272,-91.0243,36.518512,-91.363405,241,0.8769084800416728,0.0
9.46,46.2306,-112.1138,45.827231,-112.895243,1939,0.8794087288684356,15465.0
27.02,38.2674,-76.4954,37.386556,-76.452026,5927,0.8819112518910311,0.0
50.79,40.6866,-92.6833,40.18893,-91.955115,1132,0.8820027341936044,0.0
58.23,41.2001,-92.1354,41.809397,-92.775454,568,0.8836922298656855,0.0
30.69,32.0758,-96701,31.7063,-97.507141,1563,0.8867883410831578,0.0
43.02,40.5662,-80.2099,41.419964,-79.957263,1140,0.8903585915040078,0.0
56.35,40.0369,-75.0664,39.220115,-74.711564,1526206,0.8905314835091508,0.0
3.79,40.6152,-74415,40.813669,-75.283465,71485,0.8908543091807993,3161.0
103.77,38.4207,-79.4629,38.042866,-78.649562,99,0.8968150499406232,9086.0
39.95,33.3398,-92.7442,33.651123,-91.902918,2501,0.8970381340015664,0.0
145.75,42958,-77.3083,42.446162,-78.048599,10717,0.9000115263956274,0.0
192.82,38.8881,-104.6556,39.299824,-103.854765,525713,0.9004739582025735,0.0
50.57,39.0298,-77.0793,38.394608000000005,-76.437916,19054,0.9026861649100413,0.0
212.75,37.9931,-100.9893,38.862183,-101.234087,2691,0.9028986301119339,1653.0
13.67,38.9621,-94.5959,38.058492,-94.687196,545147,0.9082083336327613,1373.0
107.69,37.1935,-89.0933,37.446584,-88.22013299999999,639,0.9091051209541265,0.0
168.42,36385,-98.0727,35.594928,-97.620498,1078,0.910329838019161,847.0
89.35,44.5995,-86.2141,44.630758,-87.12389399999999,372,0.9103308107495778,0.0
53.49,39.6747,-76.8941,39.102729,-76.185062,11751,0.9109806311250503,910.0
3.26,40.9918,-73.98,41.831174,-74.335559,4664,0.9115760606537442,0.0
46.24,32.3929,-91.4714,32.676083,-90.60461,6581,0.9118758224610497,0.0
104.08,41.0552,-110.1603,41.677942,-110.829354,49,0.9140245365853082,0.0
959.59,38.5294,-82.6654,37.735337,-82.210806,21635,0.9149818319535106,702.0
187.27,38.7894,-77.2818,38.301944,-76.507232,43102,0.9151879252699988,0.0
22.95,42.9993,-88.2196,43.375041,-89.055065,95015,0.9160693561657887,0.0
110.63,34.9572,-81.9916,35.5489,-81.29112099999999,530,0.9169404121539335,0.0
52.59,44.3346,-73098,45.084808,-73.626071,4542,0.9174263045634771,0.0
45.0,46.2306,-112.1138,47.034331,-112.561071,1939,0.9198015371817984,0.0
92.62,40.4679,-77.8967,40.827223,-78.74356,1334,0.9199374315294538,0.0
7.38,34.2853,-91.3336,33.620816,-91.970425,5161,0.9203722436498204,1967.0
3.14,20.0827,-155488,20.995398,-155.36936200000002,4878,0.9203763438115947,10251.0
55.81,31.9571,-98.9656,31.62308,-98.107596,1791,0.9207280947250328,15573.0
71.03,40.9051,-73.3309,39.998965000000005,-73.16026600000001,21902,0.9220610609829388,0.0
57.47,38.8938,-86.5246,39.005042,-85.60916800000001,1228,0.922166215596729,0.0
77.59,41.0646,-87.5917,41.81826,-88.129609,2135,0.9259316864007865,332.0
6.05,41.6983,-70.3001,41.767862,-69.37527,1850,0.9274423975342079,0.0
57.23,35.5762,-91.4539,36.144895,-92.188172,111,0.9287461294718721,0.0
236.18,43.6498,-116.4306,44.404099,-115.887498,84106,0.9294766074544372,0.0
16.85,38.5319,-93.9221,39.04432,-94.698256,467,0.9300496721874586,0.0
30.86,41.0472,-79.8089,41.418846,-80.661913,139,0.9304579127961733,17323.0
707.5,40.3359,-79.6607,40.601968,-78.768636,1472,0.9308976102235986,14519.0
32.82,43.196000000000005,-72.3001,42.348367,-72.68946700000001,477,0.9327852718487833,0.0
88.67,35.0296,-82.5136,34.276436,-83.06394499999999,5648,0.9328106077446805,0.0
9.09,40.7641,-84.0973,39.995553,-83.56832,86954,0.9329974981793904,0.0
1055.47,40.7692,-103.0968,39.940564,-103.528231,648,0.9342217768051633,0.0
56.62,40.2158,-83.9579,40.684998,-83.147487,133,0.9364379284143685,0.0
1.75,40.5553,-77.4001,41.16629,-78.10994000000001,1909,0.9365797380362296,4411.0
57.57,33.5623,-112.0559,32.635757,-112.19588600000002,1312922,0.9370581684426056,0.0
84.58,40.4542,-98.6538,40.310753000000005,-99.581023,331,0.9382534484551573,9636.0
289.69,34.0442,-94.3386,34.90683,-94.7085,11253,0.9385928440490082,846.0
53.86,35.1791,-91.2594,34.499078999999995,-91.906871,37,0.9389607320234428,0.0
34.11,30251,-92.5002,30.474879,-91.588063,1261,0.939210154017727,0.0
218.71,39.5994,-105.0044,39.335171,-104.102882,320420,0.9394422115090519,0.0
196.36,36.3011,-91.5281,36.566535,-90.626008,4726,0.9403327685925844,0.0
93.78,37.1046,-83.5706,37.980808,-83.228597,467,0.9405883856783546,11639.0
60.78,38.8029,-77.2116,39.526893,-76.609434,104396,0.9416845308302635,0.0
54.47,42728,-71181,42.114749,-70.460861,47249,0.9458736534664671,8090.0
76.37,43.2326,-86.2492,44.036016,-86.754147,128715,0.948919776306195,0.0
6.32,36.1486,-105.6648,36.867679,-105.042958,247,0.9506640212004461,0.0
3.66,40.6761,-91.0391,40.7433,-90.088705,725,0.9527678080335211,0.0
79.39,44.6255,-116.4493,43.673602,-116.40606,129,0.9528795831604325,15379.0
8.29,32.6205,-94.2,33.193514,-93.437407,2807,0.9538831835424164,0.0
7.33,43.0498,-78851,43.1763,-77.901777,45100,0.9576150342016392,0.0
62.03,38.2586,-78.4074,39.202859,-78.247865,9815,0.95764109942399,0.0
56.57,45.7801,-111.1439,46.567253,-111.692333,18182,0.9593688554972006,0.0
46.66,40.1362,-95.2138,41.071606,-94.999602,1631,0.9596171986995675,5258.0
55.6,41.8114,-93.4855,41.081282,-92.85909,1195,0.9620092421718229,3128.0
1.95,41.71,-111.9817,41.930677,-111.044483,2078,0.9628468431780873,0.0
9.41,36802,-87.8286,36.121165000000005,-88.50975799999999,13422,0.9630745133108797,0.0
52.53,47.1709,-100.7944,46.339438,-100.307572,1190,0.9634991224842946,0.0
79.27,38.1372,-81.5962,38.686653,-80.803493,630,0.9645117868942756,9240.0
1.91,40.3359,-79.6607,41.144024,-80.187862,1472,0.9648648473335467,2224.0
75.76,34.7789,-86.5438,33.816815000000005,-86.429446,190178,0.9688572570513115,0.0
109.17,37.9943,-88.9417,37.878619,-89.903994,324,0.9692222842036807,0.0
59.67,41.5205,-80.0573,40.891784,-79.319239,5507,0.9695451760371969,0.0
334.28,37.7184,-77186,37.751241,-78.15634,976,0.9708955901027599,776.0
127.88,38097,-86.1723,38.860981,-86.77339599999999,350,0.9721025509569361,0.0
307.09,64.7556,-165.6723,64.909145,-164.71208700000005,145,0.9724119869653544,591.0
26.86,41.5378,-88.0572,41.345986,-87.10194200000001,128354,0.9743256422572341,7303.0
327.0,36385,-98.0727,36.384092,-99.048472,1078,0.9757724224674584,0.0
220.11,42.1808,-112262,43.150704,-112.154481,4154,0.975845328203706,0.0
929.28,42.0716,-75.0152,42.996841,-74.70223399999999,1228,0.9767387702129032,22269.0
83.1,41.2419,-81.7453,42.206551,-81.59184499999999,7646,0.976780419964485,0.0
64.47,41.0472,-79.8089,40.068764,-79.826882,139,0.9786012254335217,401.0
61.39,48.8878,-118.2105,48.394218,-117.36356299999998,149,0.9802680616510034,17834.0
205.79,40.0369,-75.0664,40.650005,-74.29818399999999,1526206,0.9828802387274919,7071.0
42.83,26.1184,-81.7361,26.599772,-80.87758000000001,276002,0.98426398531287,6197.0
68.07,41.0935,-81.0425,41.364657,-81.988798,2644,0.9843810357036542,10823.0
341.67,38.9763,-87.3667,38.674491,-88.305767,4081,0.9863749302217769,0.0
69.64,41.6125,-122.5258,41.673903,-123.51086,589,0.9869719003137735,3476.0
15.44,28.06,-82.4079,28.721023,-83.14216400000001,717255,0.9879752164022209,0.0
94.63,40375,-75.2045,40.653382,-76.15266700000001,2158,0.9881888472417727,0.0
316.93,40.3359,-79.6607,39.528505,-80.23307700000001,1472,0.989697992396672,11700.0
3.32,45.5303,-122.7033,44.727585,-123.282623,841711,0.9899325782870272,0.0
73.5,33.6547,-97.1583,33.900147,-98.117436,26120,0.9900434820274315,0.0
2.87,32.69,-96.9177,33.653674,-96.689819,1263321,0.9902511441230488,0.0
14.03,41.5744,-75.5881,40.868184,-76.283066,6508,0.9908172282575671,0.0
49.1,41.4193,-99.3844,40.722191,-98.680216,73,0.9908764119389428,3616.0
4.86,44.1111,-94.9134,45.004997,-95.344122,914,0.9922566643227987,0.0
494.44,30.8635,-87.7644,29.992701,-87.286355,19090,0.9933870949564382,0.0
42.14,47.1709,-100.7944,47.113866,-101.78625,1190,0.9934884496842422,3953.0
90.24,41.5378,-88.0572,42.328516,-88.660452,128354,0.9945575740800628,0.0
57.5,43.3392,-75.7543,42.740793,-74.959902,6460,0.9945647892686548,0.0
6.77,43.8065,-73.0882,42.903622,-72.668596,5895,0.9956185010836268,0.0
78.43,41.4768,-95.3509,42.465418,-95.211895,2036,0.9983425964812901,4004.0
909.66,38.2507,-85.7476,39.081318,-86.30158,736284,0.9984087851796964,0.0
77.01,40.5553,-77.4001,40.494014,-78.398475,1909,1.0002542748826522,0.0
8.65,39.9636,-79.7853,39.064097,-79.342751,184,1.0024745704555327,0.0
1.47,40.4542,-98.6538,41.14486,-99.38762,331,1.0077217016617204,0.0
140.33,44.3566,-103.6999,44.004126,-104.644098,1979,1.0078431345601362,0.0
5.82,29.9975,-90.2146,29.471413,-91.074361,137067,1.0079466794875542,0.0
1177.79,40029,-93.1607,39.288305,-92.476947,602,1.008041292821885,38067.0
1.25,36.2201,-91.6421,35.354207,-91.123965,2856,1.0090760950859954,1125.0
68.38,30.2816,-99241,31.161929,-99.739361,2395,1.0116040898306027,0.0
72.35,40.0113,-80.9701,39.308098,-81.698525,128,1.0124702629850413,0.0
6.96,31.3833,-95.0619,31.166149,-94.072786,43,1.012670263114801,0.0
48.39,42.1782,-83.2461,41.566092,-82.43762199999999,15623,1.0140576315713086,0.0
61.99,39.5483,-119.7957,38.573952,-120.084189,276896,1.016159400992284,0.0
108.59,43.5336,-95.6515,44.51103,-95.934394,399,1.0175452914421037,0.0
909.29,40029,-93.1607,40.977312,-93.55098,602,1.0254823878273,17670.0
9.63,27.2625,-80.3793,26.456712,-79.74492099999999,181438,1.0255393783687743,0.0
6.28,43.6088,-83.95299999999999,44.550654,-83.541634,67858,1.0277698882882238,0.0
49.58,31882,-88.9981,31.286058,-89.83630699999999,4573,1.028463826399838,0.0
78.13,39.4336,-91.0664,40.247129,-91.699005,4593,1.0305428277689395,0.0
182.1,38.6207,-83.8067,39.499829,-83.26249,14228,1.0339401930194054,0.0
5.24,31.3833,-95.0619,30.563223,-95.693082,43,1.0348511985077895,571.0
74.6,29.3641,-98.4924,28.654435,-97.738555,1595797,1.0353292694838676,0.0
193.9,42.9385,-88395,43.845724,-87.888665,2328,1.0389564564508906,8544.0
30.12,41.4682,-72.5751,41.101428000000006,-73.549658,5438,1.0412900630218143,0.0
57.43,40.8295,-72.6473,41.669034,-73.27160500000001,3255,1.0462189398883053,897.0
67.0,37.2692,-82.9161,37.821068,-82.027048,798,1.0464089774691396,561.0
996.93,38.5294,-82.6654,37.786024,-81.92846899999999,21635,1.0467450387448827,901.0
31.8,32.3697,-81.3618,31.648009,-80.60297299999999,9034,1.0472135958867328,0.0
75.19,41.5205,-80.0573,42.124225,-79.201431,5507,1.0473755872589368,8358.0
9.11,36.3846,-89.4649,35.392677,-89.808577,5577,1.0497738414811066,16821.0
25.2,46.1664,-103.7079,45.316176,-103.08214,475,1.0556781838117177,0.0
92.84,48.2777,-112.8456,49.080153,-113.53238,743,1.056218531180455,0.0
90.54,33.9143,-118.3493,32.990285,-117.836803,93193,1.0566252387833592,0.0
52.09,30.8635,-87.7644,29.972385,-87.19384000000001,19090,1.0581231765843628,3168.0
78.08,29.6047,-96.5249,28.778073,-95.862519,106,1.0592737069756797,0.0
60.2,30.1886,-103.2214,29.335557,-103.852785,498,1.061286661592424,0.0
67.8,41.141000000000005,-84.5722,41.50568,-85.571276,6284,1.063552704935679,12104.0
500.92,33.3645,-81.2718,34.3281,-81.727628,4913,1.0659756683827246,0.0
123.0,39.013000000000005,-86.5457,39.466694,-85.579429,76,1.0674820331401258,0.0
494.16,37.9931,-100.9893,38.918827,-100.452065,2691,1.0703232800205733,4157.0
4.08,40817,-74.0,40.148746,-74.840312,13835,1.0736329288262316,0.0
29.19,38.2427,-122.9145,38.882246,-122.050228,337,1.075167510716355,0.0
18.86,43.7588,-97.8712,42.903425,-97.212673,355,1.0795018297131378,59256.0
19.1,36.2201,-91.6421,35.351381,-91.000865,2856,1.0797476678307718,0.0
24.74,40.7491,-95038,40.275891,-96.011548,7297,1.0824612999941443,0.0
7.77,39.3716,-77.8229,40.103866,-78.624459,1925,1.0856842659065247,0.0
1.14,44.5232,-86.2061,45.290031,-85.436689,680,1.0862886676579122,10748.0
333.09,42.0716,-75.0152,42.908018,-75.716922,1228,1.0917915716875672,2935.0
199.55,39.5994,-105.0044,38.619691,-105.498059,320420,1.097054662704641,19201.0
89.11,39.7795,-93.3014,40.773306,-92.821257,964,1.1037153917949123,0.0
636.41,39.2136,-95.4404,39.936995,-94.604311,2661,1.105597187924249,0.0
184.79,46.0062,-86.2555,46.730990000000006,-85.416761,6469,1.1085141650971424,60.0
1.82,30.9788,-84.7373,31.973466,-84.244731,1461,1.109948048927066,0.0
2.55,35.8072,-78.0892,36.74987,-78.67787,6629,1.1113771177237686,0.0
53.62,40.8555,-79.7372,39.873208,-80.25985,2054,1.1126817135928857,0.0
89.52,32.9413,-81.1807,33.936761,-81.678842,1725,1.1131433217178275,0.0
48.93,39.6747,-76.8941,40.309648,-75.974171,11751,1.1177782999078998,0.0
8.34,36.0435,-84.04,37.022409,-84.583141,25459,1.1194931782561222,0.0
7.6,42.8223,-83.2829,43.792501,-82.722889,24840,1.1202242188606748,0.0
226.33,37.7773,-119.0825,36.819789,-119.670559,633,1.1236728628039367,0.0
9.23,40.7699,-73.9511,41.395142,-74.887524,1577385,1.1259740078438776,0.0
52.67,38.9621,-94.5959,39.662816,-93.712244,545147,1.1277636450036874,0.0
7.16,45.7205,-98.5534,46.584094,-97.827871,63,1.127912641420864,0.0
3.19,40.1362,-95.2138,39.299707,-95.975808,1631,1.131537330852588,0.0
94.23,43.196000000000005,-72.3001,42.450395,-71.4485,477,1.1318786931579794,6556.0
56.09,36.8347,-84.4436,35.945631,-83.73349499999999,1565,1.1378456827645904,0.0
8.61,37.1788,-82695,37.813963,-83.641287,502,1.1396890465991245,538.0
122.89,40.4731,-80.9596,41.209485,-81.837882,2208,1.1461422859963746,0.0
101.82,44.2378,-95.2739,45.237609,-95.838842,1507,1.1483803811651436,0.0
9.97,38.6411,-100138,38.075226,-99.138453,269,1.1486111566082817,0.0
50.61,41.6858,-90.3706,41.027284,-89.416172,1426,1.159558592499743,0.0
16.16,39.8936,-79.7856,39.222743,-78.839099,328,1.160135016905357,0.0
7.09,39.8153,-91.2627,40.738949,-91.966795,1656,1.1614117462063178,0.0
898.81,40.3359,-79.6607,41.126312,-80.513488,1472,1.1627547044359685,238.0
4.5,40.3359,-79.6607,39.492341,-78.859114,1472,1.1636717328684232,2984.0
45.77,37.6848,-85.8784,36.687137,-85.278013,48194,1.1643865386279606,0.0
34.0,34.4596,-93.6743,35.277366,-94.505159,1383,1.1657906795977588,0.0
63.39,35.6069,-90.3359,34.798873,-89.494405,2470,1.166628247452459,0.0
186.73,26.7383,-80.27600000000001,27.610009,-79.49811,26551,1.168327622193803,0.0
46.81,35.1959,-83.8228,36.144585,-84.507591,5354,1.1700179241815063,0.0
124.33,29.8826,-84.5964,30.773425,-83.837856,217,1.1700248632234274,0.0
44.54,37.9931,-100.9893,37.162705,-100.15337,2691,1.178276207400031,0.0
175.51,34.3795,-118523,33.731713,-119.507821,34882,1.1787707153683546,7667.0
54.54,39.3426,-114.8859,38.69322,-115.87599,450,1.1840492356739187,0.0
208.58,37.9931,-100.9893,38.789411,-101.87309,2691,1.189620096005869,8915.0
48.31,39.7532,-105.6356,40.504011,-106.561224,565,1.1918460249113543,5834.0
6.5,39.9458,-75.9703,40.68934,-75.037038,3066,1.1932433499684811,4473.0
140.12,38.1981,-86.6821,39.00874,-85.803715,965,1.1952813132585256,0.0
711.66,40.3359,-79.6607,41.207335,-78.84093299999999,1472,1.1964183605720944,4328.0
94.53,38.5095,-78.2638,37.84676,-79.262334,395,1.1984550290920322,0.0
74.85,37.6787,-122478,38.544098,-123.311607,107941,1.2015882526277457,0.0
511.09,41.6125,-122.5258,42.412743,-121.617857,589,1.2102682968243068,7431.0
38.7,40.7491,-95038,39.880088,-94.193907,7297,1.2114763096292878,5119.0
47.01,40.6072,-83.9585,39.782182,-83.070633,2089,1.2120076361199215,0.0
63.89,29.5894,-98.5201,28.740953,-99.391846,1595797,1.2164717014073954,0.0
2.49,40029,-93.1607,39.052625,-92.428684,602,1.220309618449765,0.0
56.88,40.4308,-79.9205,41.417998,-79.185322,687276,1.2308722853683909,0.0
8.93,33.6751,-98.6576,32.878269,-97.719086,2317,1.231157248590525,0.0
202.71,48.4786,-122.3345,49.221275,-123.32192,14871,1.2355421530749156,653.0
79.27,41.1464,-81.5107,40.289887,-80.61976800000001,47772,1.23586987494355,0.0
56.98,36.8809,-82.0956,37.867296,-81.335353,9521,1.2453724622878983,9920.0
22.88,38.2427,-122.9145,39.060101,-121.969417,337,1.2495304204740276,6708.0
75.6,39.0945,-85.0638,39.886736,-84.086151,3289,1.2583463143733538,0.0
71.74,42.4999,-74.6117,43.392165000000006,-75.505542,1666,1.2629688639032348,0.0
81.25,35.0561,-106.5506,35.977961,-107.434031,641349,1.276823415779176,0.0
107.32,35.0583,-79008,34.170677000000005,-78.082572,238602,1.2822993306217507,0.0
150.61,40.9115,-74414,39.913117,-73.587618,15269,1.2960230802778885,0.0
106.82,30.8635,-87.7644,31.793916,-88.66851899999999,19090,1.297345404746551,2370.0
14.37,64.7556,-165.6723,65.65414200000001,-164.722603,145,1.3074028138156346,24020.0
664.73,42.0716,-75.0152,41.124211,-75.954718,1228,1.3342563433032655,16319.0
122.86,45.0838,-120.6649,44.189625,-121.655209,60,1.334264159042724,0.0
28.37,32.8357,-79.8217,33.791152000000004,-80.788125,20478,1.358994409454644,0.0
1092.68,35.9946,-81.7266,36.981465,-80.767836,885,1.3759109476710356,1206.0
2.16,38.8564,-80158,37.880328000000006,-79.17985999999999,571,1.3818373307969396,0.0
